date,daily_reward,cumulative_reward,failures,actions_taken,valid_action_day
2025-01-01,0,0,0,0,True
2025-01-02,0,0,0,0,True
2025-01-03,-9848000,-9848000,0,0,True
2025-01-04,0,-9848000,0,0,False
2025-01-05,0,-9848000,0,0,False
2025-01-06,0,-9848000,0,0,False
2025-01-07,-24000,-9872000,0,0,False
2025-01-08,0,-9872000,0,0,False
2025-01-09,0,-9872000,0,0,False
2025-01-10,0,-9872000,0,0,False
2025-01-11,0,-9872000,0,0,False
2025-01-12,0,-9872000,0,0,False
2025-01-13,0,-9872000,0,0,False
2025-01-14,0,-9872000,0,0,False
2025-01-15,0,-9872000,0,0,False
2025-01-16,0,-9872000,0,0,False
2025-01-17,0,-9872000,0,0,False
2025-01-18,0,-9872000,0,0,False
2025-01-19,0,-9872000,0,0,False
2025-01-20,0,-9872000,0,0,False
2025-01-21,0,-9872000,0,0,False
2025-01-22,0,-9872000,0,0,False
2025-01-23,0,-9872000,0,0,False
2025-01-24,0,-9872000,0,0,False
2025-01-25,0,-9872000,0,0,False
2025-01-26,0,-9872000,0,0,False
2025-01-27,0,-9872000,0,0,False
2025-01-28,0,-9872000,0,0,False
2025-01-29,0,-9872000,0,0,False
2025-01-30,0,-9872000,0,0,False
2025-01-31,0,-9872000,0,0,False
2025-02-01,0,-9872000,0,0,False
2025-02-02,0,-9872000,0,0,False
2025-02-03,0,-9872000,0,0,False
2025-02-04,0,-9872000,0,0,False
2025-02-05,0,-9872000,0,0,False
2025-02-06,0,-9872000,0,0,False
2025-02-07,0,-9872000,0,0,False
2025-02-08,0,-9872000,0,0,False
2025-02-09,0,-9872000,0,0,False
2025-02-10,0,-9872000,0,0,False
2025-02-11,0,-9872000,0,0,False
2025-02-12,0,-9872000,0,0,False
2025-02-13,0,-9872000,0,0,False
2025-02-14,0,-9872000,0,0,False
2025-02-15,-24000,-9896000,0,0,False
2025-02-16,-24000,-9920000,0,0,False
2025-02-17,0,-9920000,0,0,False
2025-02-18,0,-9920000,0,0,False
2025-02-19,0,-9920000,0,0,False
2025-02-20,0,-9920000,0,0,False
2025-02-21,0,-9920000,0,0,False
2025-02-22,0,-9920000,0,0,False
2025-02-23,0,-9920000,0,0,False
2025-02-24,0,-9920000,0,0,False
2025-02-25,0,-9920000,0,0,False
2025-02-26,0,-9920000,0,0,False
2025-02-27,0,-9920000,0,0,False
2025-02-28,0,-9920000,0,0,False
2025-03-01,0,-9920000,0,0,True
2025-03-02,0,-9920000,0,0,True
2025-03-03,0,-9920000,0,0,True
2025-03-04,0,-9920000,0,0,False
2025-03-05,0,-9920000,0,0,False
2025-03-06,0,-9920000,0,0,False
2025-03-07,0,-9920000,0,0,False
2025-03-08,0,-9920000,0,0,False
2025-03-09,0,-9920000,0,0,False
2025-03-10,0,-9920000,0,0,False
2025-03-11,0,-9920000,0,0,False
2025-03-12,0,-9920000,0,0,False
2025-03-13,0,-9920000,0,0,False
2025-03-14,0,-9920000,0,0,False
2025-03-15,0,-9920000,0,0,False
2025-03-16,0,-9920000,0,0,False
2025-03-17,0,-9920000,0,0,False
2025-03-18,0,-9920000,0,0,False
2025-03-19,0,-9920000,0,0,False
2025-03-20,0,-9920000,0,0,False
2025-03-21,0,-9920000,0,0,False
2025-03-22,0,-9920000,0,0,False
2025-03-23,0,-9920000,0,0,False
2025-03-24,0,-9920000,0,0,False
2025-03-25,0,-9920000,0,0,False
2025-03-26,0,-9920000,0,0,False
2025-03-27,-24000,-9944000,0,0,False
2025-03-28,0,-9944000,0,0,False
2025-03-29,0,-9944000,0,0,False
2025-03-30,0,-9944000,0,0,False
2025-03-31,0,-9944000,0,0,False
2025-04-01,0,-9944000,0,0,False
2025-04-02,0,-9944000,0,0,False
2025-04-03,0,-9944000,0,0,False
2025-04-04,0,-9944000,0,0,False
2025-04-05,0,-9944000,0,0,False
2025-04-06,0,-9944000,0,0,False
2025-04-07,0,-9944000,0,0,False
2025-04-08,0,-9944000,0,0,False
2025-04-09,0,-9944000,0,0,False
2025-04-10,0,-9944000,0,0,False
2025-04-11,0,-9944000,0,0,False
2025-04-12,0,-9944000,0,0,False
2025-04-13,0,-9944000,0,0,False
2025-04-14,0,-9944000,0,0,False
2025-04-15,0,-9944000,0,0,False
2025-04-16,0,-9944000,0,0,False
2025-04-17,0,-9944000,0,0,False
2025-04-18,0,-9944000,0,0,False
2025-04-19,-24000,-9968000,0,0,False
2025-04-20,0,-9968000,0,0,False
2025-04-21,0,-9968000,0,0,False
2025-04-22,0,-9968000,0,0,False
2025-04-23,0,-9968000,0,0,False
2025-04-24,0,-9968000,0,0,False
2025-04-25,0,-9968000,0,0,False
2025-04-26,0,-9968000,0,0,False
2025-04-27,0,-9968000,0,0,False
2025-04-28,0,-9968000,0,0,False
2025-04-29,0,-9968000,0,0,False
2025-04-30,-5024000,-14992000,0,0,False
2025-05-01,-5024000,-20016000,0,0,True
2025-05-02,0,-20016000,0,0,True
2025-05-03,0,-20016000,0,0,True
2025-05-04,0,-20016000,0,0,False
2025-05-05,0,-20016000,0,0,False
2025-05-06,0,-20016000,0,0,False
2025-05-07,0,-20016000,0,0,False
2025-05-08,0,-20016000,0,0,False
2025-05-09,0,-20016000,0,0,False
2025-05-10,0,-20016000,0,0,False
2025-05-11,0,-20016000,0,0,False
2025-05-12,0,-20016000,0,0,False
2025-05-13,0,-20016000,0,0,False
2025-05-14,0,-20016000,0,0,False
2025-05-15,0,-20016000,0,0,False
2025-05-16,0,-20016000,0,0,False
2025-05-17,0,-20016000,0,0,False
2025-05-18,0,-20016000,0,0,False
2025-05-19,0,-20016000,0,0,False
2025-05-20,0,-20016000,0,0,False
2025-05-21,0,-20016000,0,0,False
2025-05-22,0,-20016000,0,0,False
2025-05-23,-24000,-20040000,0,0,False
2025-05-24,0,-20040000,0,0,False
2025-05-25,0,-20040000,0,0,False
2025-05-26,0,-20040000,0,0,False
2025-05-27,0,-20040000,0,0,False
2025-05-28,0,-20040000,0,0,False
2025-05-29,0,-20040000,0,0,False
2025-05-30,0,-20040000,0,0,False
2025-05-31,0,-20040000,0,0,False
2025-06-01,0,-20040000,0,0,False
2025-06-02,0,-20040000,0,0,False
2025-06-03,0,-20040000,0,0,False
2025-06-04,0,-20040000,0,0,False
2025-06-05,0,-20040000,0,0,False
2025-06-06,0,-20040000,0,0,False
2025-06-07,0,-20040000,0,0,False
2025-06-08,0,-20040000,0,0,False
2025-06-09,0,-20040000,0,0,False
2025-06-10,0,-20040000,0,0,False
2025-06-11,0,-20040000,0,0,False
2025-06-12,0,-20040000,0,0,False
2025-06-13,0,-20040000,0,0,False
2025-06-14,0,-20040000,0,0,False
2025-06-15,0,-20040000,0,0,False
2025-06-16,0,-20040000,0,0,False
2025-06-17,0,-20040000,0,0,False
2025-06-18,0,-20040000,0,0,False
2025-06-19,0,-20040000,0,0,False
2025-06-20,0,-20040000,0,0,False
2025-06-21,0,-20040000,0,0,False
2025-06-22,0,-20040000,0,0,False
2025-06-23,0,-20040000,0,0,False
2025-06-24,0,-20040000,0,0,False
2025-06-25,0,-20040000,0,0,False
2025-06-26,0,-20040000,0,0,False
2025-06-27,0,-20040000,0,0,False
2025-06-28,0,-20040000,0,0,False
2025-06-29,0,-20040000,0,0,False
2025-06-30,0,-20040000,0,0,False
2025-07-01,0,-20040000,0,0,True
2025-07-02,-24000,-20064000,0,0,True
2025-07-03,0,-20064000,0,0,True
2025-07-04,0,-20064000,0,0,False
2025-07-05,0,-20064000,0,0,False
2025-07-06,0,-20064000,0,0,False
2025-07-07,0,-20064000,0,0,False
2025-07-08,0,-20064000,0,0,False
2025-07-09,0,-20064000,0,0,False
2025-07-10,0,-20064000,0,0,False
2025-07-11,0,-20064000,0,0,False
2025-07-12,0,-20064000,0,0,False
2025-07-13,0,-20064000,0,0,False
2025-07-14,-24000,-20088000,0,0,False
2025-07-15,0,-20088000,0,0,False
2025-07-16,0,-20088000,0,0,False
2025-07-17,0,-20088000,0,0,False
2025-07-18,0,-20088000,0,0,False
2025-07-19,0,-20088000,0,0,False
2025-07-20,0,-20088000,0,0,False
2025-07-21,0,-20088000,0,0,False
2025-07-22,0,-20088000,0,0,False
2025-07-23,0,-20088000,0,0,False
2025-07-24,0,-20088000,0,0,False
2025-07-25,0,-20088000,0,0,False
2025-07-26,0,-20088000,0,0,False
2025-07-27,0,-20088000,0,0,False
2025-07-28,0,-20088000,0,0,False
2025-07-29,0,-20088000,0,0,False
2025-07-30,0,-20088000,0,0,False
2025-07-31,0,-20088000,0,0,False
2025-08-01,0,-20088000,0,0,False
2025-08-02,0,-20088000,0,0,False
2025-08-03,0,-20088000,0,0,False
2025-08-04,-24000,-20112000,0,0,False
2025-08-05,0,-20112000,0,0,False
2025-08-06,0,-20112000,0,0,False
2025-08-07,0,-20112000,0,0,False
2025-08-08,0,-20112000,0,0,False
2025-08-09,0,-20112000,0,0,False
2025-08-10,-24000,-20136000,0,0,False
2025-08-11,-24000,-20160000,0,0,False
2025-08-12,0,-20160000,0,0,False
2025-08-13,0,-20160000,0,0,False
2025-08-14,0,-20160000,0,0,False
2025-08-15,0,-20160000,0,0,False
2025-08-16,0,-20160000,0,0,False
2025-08-17,0,-20160000,0,0,False
2025-08-18,0,-20160000,0,0,False
2025-08-19,0,-20160000,0,0,False
2025-08-20,0,-20160000,0,0,False
2025-08-21,0,-20160000,0,0,False
2025-08-22,0,-20160000,0,0,False
2025-08-23,0,-20160000,0,0,False
2025-08-24,0,-20160000,0,0,False
2025-08-25,0,-20160000,0,0,False
2025-08-26,0,-20160000,0,0,False
2025-08-27,0,-20160000,0,0,False
2025-08-28,0,-20160000,0,0,False
2025-08-29,0,-20160000,0,0,False
2025-08-30,0,-20160000,0,0,False
2025-08-31,0,-20160000,0,0,False
2025-09-01,0,-20160000,0,0,True
2025-09-02,0,-20160000,0,0,True
2025-09-03,0,-20160000,0,0,True
2025-09-04,0,-20160000,0,0,False
2025-09-05,0,-20160000,0,0,False
2025-09-06,0,-20160000,0,0,False
2025-09-07,0,-20160000,0,0,False
2025-09-08,0,-20160000,0,0,False
2025-09-09,0,-20160000,0,0,False
2025-09-10,0,-20160000,0,0,False
2025-09-11,0,-20160000,0,0,False
2025-09-12,-24000,-20184000,0,0,False
2025-09-13,-24000,-20208000,0,0,False
2025-09-14,0,-20208000,0,0,False
2025-09-15,0,-20208000,0,0,False
2025-09-16,0,-20208000,0,0,False
2025-09-17,0,-20208000,0,0,False
2025-09-18,0,-20208000,0,0,False
2025-09-19,-24000,-20232000,0,0,False
2025-09-20,0,-20232000,0,0,False
2025-09-21,0,-20232000,0,0,False
2025-09-22,0,-20232000,0,0,False
2025-09-23,0,-20232000,0,0,False
2025-09-24,0,-20232000,0,0,False
2025-09-25,0,-20232000,0,0,False
2025-09-26,0,-20232000,0,0,False
2025-09-27,0,-20232000,0,0,False
2025-09-28,0,-20232000,0,0,False
2025-09-29,0,-20232000,0,0,False
2025-09-30,0,-20232000,0,0,False
2025-10-01,0,-20232000,0,0,False
2025-10-02,0,-20232000,0,0,False
2025-10-03,0,-20232000,0,0,False
2025-10-04,0,-20232000,0,0,False
2025-10-05,0,-20232000,0,0,False
2025-10-06,0,-20232000,0,0,False
2025-10-07,0,-20232000,0,0,False
2025-10-08,0,-20232000,0,0,False
2025-10-09,0,-20232000,0,0,False
2025-10-10,0,-20232000,0,0,False
2025-10-11,0,-20232000,0,0,False
2025-10-12,0,-20232000,0,0,False
2025-10-13,0,-20232000,0,0,False
2025-10-14,0,-20232000,0,0,False
2025-10-15,0,-20232000,0,0,False
2025-10-16,0,-20232000,0,0,False
2025-10-17,0,-20232000,0,0,False
2025-10-18,0,-20232000,0,0,False
2025-10-19,0,-20232000,0,0,False
2025-10-20,0,-20232000,0,0,False
2025-10-21,0,-20232000,0,0,False
2025-10-22,0,-20232000,0,0,False
2025-10-23,0,-20232000,0,0,False
2025-10-24,0,-20232000,0,0,False
2025-10-25,0,-20232000,0,0,False
2025-10-26,0,-20232000,0,0,False
2025-10-27,0,-20232000,0,0,False
2025-10-28,0,-20232000,0,0,False
2025-10-29,0,-20232000,0,0,False
2025-10-30,0,-20232000,0,0,False
2025-10-31,0,-20232000,0,0,False
2025-11-01,0,-20232000,0,0,True
2025-11-02,0,-20232000,0,0,True
2025-11-03,0,-20232000,0,0,True
2025-11-04,0,-20232000,0,0,False
2025-11-05,0,-20232000,0,0,False
2025-11-06,0,-20232000,0,0,False
2025-11-07,0,-20232000,0,0,False
2025-11-08,0,-20232000,0,0,False
2025-11-09,0,-20232000,0,0,False
2025-11-10,0,-20232000,0,0,False
2025-11-11,0,-20232000,0,0,False
2025-11-12,0,-20232000,0,0,False
2025-11-13,0,-20232000,0,0,False
2025-11-14,0,-20232000,0,0,False
2025-11-15,0,-20232000,0,0,False
2025-11-16,0,-20232000,0,0,False
2025-11-17,-24000,-20256000,0,0,False
2025-11-18,0,-20256000,0,0,False
2025-11-19,0,-20256000,0,0,False
2025-11-20,0,-20256000,0,0,False
2025-11-21,-24000,-20280000,0,0,False
2025-11-22,0,-20280000,0,0,False
2025-11-23,0,-20280000,0,0,False
2025-11-24,-24000,-20304000,0,0,False
2025-11-25,0,-20304000,0,0,False
2025-11-26,0,-20304000,0,0,False
2025-11-27,0,-20304000,0,0,False
2025-11-28,0,-20304000,0,0,False
2025-11-29,0,-20304000,0,0,False
2025-11-30,0,-20304000,0,0,False
2025-12-01,0,-20304000,0,0,False
2025-12-02,0,-20304000,0,0,False
2025-12-03,0,-20304000,0,0,False
2025-12-04,0,-20304000,0,0,False
2025-12-05,-24000,-20328000,0,0,False
2025-12-06,0,-20328000,0,0,False
2025-12-07,0,-20328000,0,0,False
2025-12-08,0,-20328000,0,0,False
2025-12-09,0,-20328000,0,0,False
2025-12-10,0,-20328000,0,0,False
2025-12-11,0,-20328000,0,0,False
2025-12-12,0,-20328000,0,0,False
2025-12-13,0,-20328000,0,0,False
2025-12-14,0,-20328000,0,0,False
2025-12-15,0,-20328000,0,0,False
2025-12-16,0,-20328000,0,0,False
2025-12-17,0,-20328000,0,0,False
2025-12-18,0,-20328000,0,0,False
2025-12-19,0,-20328000,0,0,False
2025-12-20,0,-20328000,0,0,False
2025-12-21,0,-20328000,0,0,False
2025-12-22,0,-20328000,0,0,False
2025-12-23,0,-20328000,0,0,False
2025-12-24,0,-20328000,0,0,False
2025-12-25,0,-20328000,0,0,False
2025-12-26,0,-20328000,0,0,False
2025-12-27,0,-20328000,0,0,False
2025-12-28,0,-20328000,0,0,False
2025-12-29,0,-20328000,0,0,False
2025-12-30,0,-20328000,0,0,False
2025-12-31,0,-20328000,0,0,False
2026-01-01,0,-20328000,0,0,False
2026-01-02,0,-20328000,0,0,False
2026-01-03,0,-20328000,0,0,False
2026-01-04,0,-20328000,0,0,False
2026-01-05,0,-20328000,0,0,False
2026-01-06,0,-20328000,0,0,False
2026-01-07,0,-20328000,0,0,False
2026-01-08,0,-20328000,0,0,False
2026-01-09,0,-20328000,0,0,False
2026-01-10,0,-20328000,0,0,False
2026-01-11,0,-20328000,0,0,False
2026-01-12,0,-20328000,0,0,False
2026-01-13,0,-20328000,0,0,False
2026-01-14,0,-20328000,0,0,False
2026-01-15,0,-20328000,0,0,False
2026-01-16,0,-20328000,0,0,False
2026-01-17,0,-20328000,0,0,False
2026-01-18,0,-20328000,0,0,False
2026-01-19,0,-20328000,0,0,False
2026-01-20,0,-20328000,0,0,False
2026-01-21,0,-20328000,0,0,False
2026-01-22,0,-20328000,0,0,False
2026-01-23,0,-20328000,0,0,False
2026-01-24,0,-20328000,0,0,False
2026-01-25,0,-20328000,0,0,False
2026-01-26,0,-20328000,0,0,False
2026-01-27,-24000,-20352000,0,0,False
2026-01-28,0,-20352000,0,0,False
2026-01-29,0,-20352000,0,0,False
2026-01-30,0,-20352000,0,0,False
2026-01-31,0,-20352000,0,0,False
2026-02-01,0,-20352000,0,0,False
2026-02-02,0,-20352000,0,0,False
2026-02-03,-24000,-20376000,0,0,False
2026-02-04,0,-20376000,0,0,False
2026-02-05,0,-20376000,0,0,False
2026-02-06,0,-20376000,0,0,False
2026-02-07,0,-20376000,0,0,False
2026-02-08,0,-20376000,0,0,False
2026-02-09,0,-20376000,0,0,False
2026-02-10,0,-20376000,0,0,False
2026-02-11,0,-20376000,0,0,False
2026-02-12,0,-20376000,0,0,False
2026-02-13,0,-20376000,0,0,False
2026-02-14,0,-20376000,0,0,False
2026-02-15,0,-20376000,0,0,False
2026-02-16,0,-20376000,0,0,False
2026-02-17,0,-20376000,0,0,False
2026-02-18,0,-20376000,0,0,False
2026-02-19,0,-20376000,0,0,False
2026-02-20,0,-20376000,0,0,False
2026-02-21,-24000,-20400000,0,0,False
2026-02-22,0,-20400000,0,0,False
2026-02-23,0,-20400000,0,0,False
2026-02-24,0,-20400000,0,0,False
2026-02-25,0,-20400000,0,0,False
2026-02-26,0,-20400000,0,0,False
2026-02-27,0,-20400000,0,0,False
2026-02-28,0,-20400000,0,0,False
2026-03-01,0,-20400000,0,0,False
2026-03-02,0,-20400000,0,0,False
2026-03-03,0,-20400000,0,0,False
2026-03-04,0,-20400000,0,0,False
2026-03-05,0,-20400000,0,0,False
2026-03-06,0,-20400000,0,0,False
2026-03-07,0,-20400000,0,0,False
2026-03-08,0,-20400000,0,0,False
2026-03-09,0,-20400000,0,0,False
2026-03-10,0,-20400000,0,0,False
2026-03-11,-24000,-20424000,0,0,False
2026-03-12,0,-20424000,0,0,False
2026-03-13,0,-20424000,0,0,False
2026-03-14,0,-20424000,0,0,False
2026-03-15,0,-20424000,0,0,False
2026-03-16,0,-20424000,0,0,False
2026-03-17,0,-20424000,0,0,False
2026-03-18,0,-20424000,0,0,False
2026-03-19,0,-20424000,0,0,False
2026-03-20,-24000,-20448000,0,0,False
2026-03-21,0,-20448000,0,0,False
2026-03-22,0,-20448000,0,0,False
2026-03-23,0,-20448000,0,0,False
2026-03-24,0,-20448000,0,0,False
2026-03-25,0,-20448000,0,0,False
2026-03-26,0,-20448000,0,0,False
2026-03-27,0,-20448000,0,0,False
2026-03-28,0,-20448000,0,0,False
2026-03-29,-24000,-20472000,0,0,False
2026-03-30,0,-20472000,0,0,False
2026-03-31,0,-20472000,0,0,False
2026-04-01,0,-20472000,0,0,False
2026-04-02,0,-20472000,0,0,False
2026-04-03,0,-20472000,0,0,False
2026-04-04,0,-20472000,0,0,False
2026-04-05,0,-20472000,0,0,False
2026-04-06,0,-20472000,0,0,False
2026-04-07,0,-20472000,0,0,False
2026-04-08,0,-20472000,0,0,False
2026-04-09,0,-20472000,0,0,False
2026-04-10,0,-20472000,0,0,False
2026-04-11,-24000,-20496000,0,0,False
2026-04-12,0,-20496000,0,0,False
2026-04-13,0,-20496000,0,0,False
2026-04-14,0,-20496000,0,0,False
2026-04-15,0,-20496000,0,0,False
2026-04-16,0,-20496000,0,0,False
2026-04-17,0,-20496000,0,0,False
2026-04-18,0,-20496000,0,0,False
2026-04-19,0,-20496000,0,0,False
2026-04-20,0,-20496000,0,0,False
2026-04-21,0,-20496000,0,0,False
2026-04-22,0,-20496000,0,0,False
2026-04-23,0,-20496000,0,0,False
2026-04-24,0,-20496000,0,0,False
2026-04-25,0,-20496000,0,0,False
2026-04-26,0,-20496000,0,0,False
2026-04-27,0,-20496000,0,0,False
2026-04-28,0,-20496000,0,0,False
2026-04-29,0,-20496000,0,0,False
2026-04-30,0,-20496000,0,0,False
2026-05-01,0,-20496000,0,0,False
2026-05-02,0,-20496000,0,0,False
2026-05-03,0,-20496000,0,0,False
2026-05-04,0,-20496000,0,0,False
2026-05-05,0,-20496000,0,0,False
2026-05-06,0,-20496000,0,0,False
2026-05-07,0,-20496000,0,0,False
2026-05-08,0,-20496000,0,0,False
2026-05-09,0,-20496000,0,0,False
2026-05-10,0,-20496000,0,0,False
2026-05-11,0,-20496000,0,0,False
2026-05-12,-24000,-20520000,0,0,False
2026-05-13,-24000,-20544000,0,0,False
2026-05-14,0,-20544000,0,0,False
2026-05-15,0,-20544000,0,0,False
2026-05-16,0,-20544000,0,0,False
2026-05-17,0,-20544000,0,0,False
2026-05-18,0,-20544000,0,0,False
2026-05-19,0,-20544000,0,0,False
2026-05-20,0,-20544000,0,0,False
2026-05-21,0,-20544000,0,0,False
2026-05-22,0,-20544000,0,0,False
2026-05-23,0,-20544000,0,0,False
2026-05-24,0,-20544000,0,0,False
2026-05-25,0,-20544000,0,0,False
2026-05-26,0,-20544000,0,0,False
2026-05-27,0,-20544000,0,0,False
2026-05-28,0,-20544000,0,0,False
2026-05-29,0,-20544000,0,0,False
2026-05-30,0,-20544000,0,0,False
2026-05-31,-24000,-20568000,0,0,False
2026-06-01,0,-20568000,0,0,False
2026-06-02,0,-20568000,0,0,False
2026-06-03,0,-20568000,0,0,False
2026-06-04,0,-20568000,0,0,False
2026-06-05,0,-20568000,0,0,False
2026-06-06,0,-20568000,0,0,False
2026-06-07,0,-20568000,0,0,False
2026-06-08,0,-20568000,0,0,False
2026-06-09,0,-20568000,0,0,False
2026-06-10,0,-20568000,0,0,False
2026-06-11,0,-20568000,0,0,False
2026-06-12,0,-20568000,0,0,False
2026-06-13,0,-20568000,0,0,False
2026-06-14,-24000,-20592000,0,0,False
2026-06-15,-24000,-20616000,0,0,False
2026-06-16,0,-20616000,0,0,False
2026-06-17,0,-20616000,0,0,False
2026-06-18,0,-20616000,0,0,False
2026-06-19,0,-20616000,0,0,False
2026-06-20,0,-20616000,0,0,False
2026-06-21,0,-20616000,0,0,False
2026-06-22,0,-20616000,0,0,False
2026-06-23,0,-20616000,0,0,False
2026-06-24,0,-20616000,0,0,False
2026-06-25,0,-20616000,0,0,False
2026-06-26,0,-20616000,0,0,False
2026-06-27,-24000,-20640000,0,0,False
2026-06-28,0,-20640000,0,0,False
2026-06-29,0,-20640000,0,0,False
2026-06-30,0,-20640000,0,0,False
2026-07-01,0,-20640000,0,0,False
2026-07-02,0,-20640000,0,0,False
2026-07-03,0,-20640000,0,0,False
2026-07-04,0,-20640000,0,0,False
2026-07-05,0,-20640000,0,0,False
2026-07-06,0,-20640000,0,0,False
2026-07-07,0,-20640000,0,0,False
2026-07-08,0,-20640000,0,0,False
2026-07-09,0,-20640000,0,0,False
2026-07-10,0,-20640000,0,0,False
2026-07-11,0,-20640000,0,0,False
2026-07-12,0,-20640000,0,0,False
2026-07-13,0,-20640000,0,0,False
2026-07-14,0,-20640000,0,0,False
2026-07-15,0,-20640000,0,0,False
2026-07-16,0,-20640000,0,0,False
2026-07-17,0,-20640000,0,0,False
2026-07-18,0,-20640000,0,0,False
2026-07-19,0,-20640000,0,0,False
2026-07-20,0,-20640000,0,0,False
2026-07-21,0,-20640000,0,0,False
2026-07-22,0,-20640000,0,0,False
2026-07-23,0,-20640000,0,0,False
2026-07-24,0,-20640000,0,0,False
2026-07-25,0,-20640000,0,0,False
2026-07-26,0,-20640000,0,0,False
2026-07-27,0,-20640000,0,0,False
2026-07-28,0,-20640000,0,0,False
2026-07-29,0,-20640000,0,0,False
2026-07-30,0,-20640000,0,0,False
2026-07-31,0,-20640000,0,0,False
2026-08-01,0,-20640000,0,0,False
2026-08-02,0,-20640000,0,0,False
2026-08-03,0,-20640000,0,0,False
2026-08-04,0,-20640000,0,0,False
2026-08-05,0,-20640000,0,0,False
2026-08-06,0,-20640000,0,0,False
2026-08-07,0,-20640000,0,0,False
2026-08-08,0,-20640000,0,0,False
2026-08-09,0,-20640000,0,0,False
2026-08-10,0,-20640000,0,0,False
2026-08-11,0,-20640000,0,0,False
2026-08-12,0,-20640000,0,0,False
2026-08-13,0,-20640000,0,0,False
2026-08-14,0,-20640000,0,0,False
2026-08-15,0,-20640000,0,0,False
2026-08-16,0,-20640000,0,0,False
2026-08-17,0,-20640000,0,0,False
2026-08-18,0,-20640000,0,0,False
2026-08-19,0,-20640000,0,0,False
2026-08-20,0,-20640000,0,0,False
2026-08-21,0,-20640000,0,0,False
2026-08-22,0,-20640000,0,0,False
2026-08-23,0,-20640000,0,0,False
2026-08-24,0,-20640000,0,0,False
2026-08-25,-24000,-20664000,0,0,False
2026-08-26,0,-20664000,0,0,False
2026-08-27,0,-20664000,0,0,False
2026-08-28,0,-20664000,0,0,False
2026-08-29,0,-20664000,0,0,False
2026-08-30,0,-20664000,0,0,False
2026-08-31,0,-20664000,0,0,False
2026-09-01,0,-20664000,0,0,False
2026-09-02,-5048000,-25712000,0,0,False
2026-09-03,0,-25712000,0,0,False
2026-09-04,0,-25712000,0,0,False
2026-09-05,0,-25712000,0,0,False
2026-09-06,0,-25712000,0,0,False
2026-09-07,0,-25712000,0,0,False
2026-09-08,0,-25712000,0,0,False
2026-09-09,0,-25712000,0,0,False
2026-09-10,0,-25712000,0,0,False
2026-09-11,0,-25712000,0,0,False
2026-09-12,0,-25712000,0,0,False
2026-09-13,0,-25712000,0,0,False
2026-09-14,0,-25712000,0,0,False
2026-09-15,0,-25712000,0,0,False
2026-09-16,0,-25712000,0,0,False
2026-09-17,0,-25712000,0,0,False
2026-09-18,0,-25712000,0,0,False
2026-09-19,0,-25712000,0,0,False
2026-09-20,0,-25712000,0,0,False
2026-09-21,0,-25712000,0,0,False
2026-09-22,0,-25712000,0,0,False
2026-09-23,0,-25712000,0,0,False
2026-09-24,0,-25712000,0,0,False
2026-09-25,0,-25712000,0,0,False
2026-09-26,0,-25712000,0,0,False
2026-09-27,0,-25712000,0,0,False
2026-09-28,0,-25712000,0,0,False
2026-09-29,0,-25712000,0,0,False
2026-09-30,-24000,-25736000,0,0,False
2026-10-01,0,-25736000,0,0,False
2026-10-02,0,-25736000,0,0,False
2026-10-03,0,-25736000,0,0,False
2026-10-04,0,-25736000,0,0,False
2026-10-05,0,-25736000,0,0,False
2026-10-06,0,-25736000,0,0,False
2026-10-07,0,-25736000,0,0,False
2026-10-08,0,-25736000,0,0,False
2026-10-09,0,-25736000,0,0,False
2026-10-10,0,-25736000,0,0,False
2026-10-11,0,-25736000,0,0,False
2026-10-12,0,-25736000,0,0,False
2026-10-13,0,-25736000,0,0,False
2026-10-14,0,-25736000,0,0,False
2026-10-15,0,-25736000,0,0,False
2026-10-16,0,-25736000,0,0,False
2026-10-17,0,-25736000,0,0,False
2026-10-18,0,-25736000,0,0,False
2026-10-19,0,-25736000,0,0,False
2026-10-20,0,-25736000,0,0,False
2026-10-21,-24000,-25760000,0,0,False
2026-10-22,-24000,-25784000,0,0,False
2026-10-23,0,-25784000,0,0,False
2026-10-24,0,-25784000,0,0,False
2026-10-25,0,-25784000,0,0,False
2026-10-26,0,-25784000,0,0,False
2026-10-27,0,-25784000,0,0,False
2026-10-28,0,-25784000,0,0,False
2026-10-29,0,-25784000,0,0,False
2026-10-30,0,-25784000,0,0,False
2026-10-31,0,-25784000,0,0,False
2026-11-01,0,-25784000,0,0,False
2026-11-02,0,-25784000,0,0,False
2026-11-03,0,-25784000,0,0,False
2026-11-04,0,-25784000,0,0,False
2026-11-05,0,-25784000,0,0,False
2026-11-06,0,-25784000,0,0,False
2026-11-07,0,-25784000,0,0,False
2026-11-08,0,-25784000,0,0,False
2026-11-09,0,-25784000,0,0,False
2026-11-10,0,-25784000,0,0,False
2026-11-11,0,-25784000,0,0,False
2026-11-12,0,-25784000,0,0,False
2026-11-13,0,-25784000,0,0,False
2026-11-14,0,-25784000,0,0,False
2026-11-15,-24000,-25808000,0,0,False
2026-11-16,0,-25808000,0,0,False
2026-11-17,0,-25808000,0,0,False
2026-11-18,0,-25808000,0,0,False
2026-11-19,0,-25808000,0,0,False
2026-11-20,0,-25808000,0,0,False
2026-11-21,0,-25808000,0,0,False
2026-11-22,0,-25808000,0,0,False
2026-11-23,0,-25808000,0,0,False
2026-11-24,-24000,-25832000,0,0,False
2026-11-25,0,-25832000,0,0,False
2026-11-26,0,-25832000,0,0,False
2026-11-27,0,-25832000,0,0,False
2026-11-28,0,-25832000,0,0,False
2026-11-29,0,-25832000,0,0,False
2026-11-30,0,-25832000,0,0,False
2026-12-01,0,-25832000,0,0,False
2026-12-02,0,-25832000,0,0,False
2026-12-03,0,-25832000,0,0,False
2026-12-04,0,-25832000,0,0,False
2026-12-05,-24000,-25856000,0,0,False
2026-12-06,0,-25856000,0,0,False
2026-12-07,0,-25856000,0,0,False
2026-12-08,0,-25856000,0,0,False
2026-12-09,0,-25856000,0,0,False
2026-12-10,0,-25856000,0,0,False
2026-12-11,0,-25856000,0,0,False
2026-12-12,0,-25856000,0,0,False
2026-12-13,0,-25856000,0,0,False
2026-12-14,0,-25856000,0,0,False
2026-12-15,0,-25856000,0,0,False
2026-12-16,0,-25856000,0,0,False
2026-12-17,0,-25856000,0,0,False
2026-12-18,0,-25856000,0,0,False
2026-12-19,0,-25856000,0,0,False
2026-12-20,-24000,-25880000,0,0,False
2026-12-21,0,-25880000,0,0,False
2026-12-22,0,-25880000,0,0,False
2026-12-23,0,-25880000,0,0,False
2026-12-24,0,-25880000,0,0,False
2026-12-25,0,-25880000,0,0,False
2026-12-26,0,-25880000,0,0,False
2026-12-27,0,-25880000,0,0,False
2026-12-28,0,-25880000,0,0,False
2026-12-29,0,-25880000,0,0,False
2026-12-30,0,-25880000,0,0,False
2026-12-31,0,-25880000,0,0,False
2027-01-01,0,-25880000,0,0,False
2027-01-02,0,-25880000,0,0,False
2027-01-03,0,-25880000,0,0,False
2027-01-04,0,-25880000,0,0,False
2027-01-05,-24000,-25904000,0,0,False
2027-01-06,0,-25904000,0,0,False
2027-01-07,0,-25904000,0,0,False
2027-01-08,0,-25904000,0,0,False
2027-01-09,0,-25904000,0,0,False
2027-01-10,0,-25904000,0,0,False
2027-01-11,0,-25904000,0,0,False
2027-01-12,0,-25904000,0,0,False
2027-01-13,0,-25904000,0,0,False
2027-01-14,0,-25904000,0,0,False
2027-01-15,0,-25904000,0,0,False
2027-01-16,0,-25904000,0,0,False
2027-01-17,0,-25904000,0,0,False
2027-01-18,0,-25904000,0,0,False
2027-01-19,0,-25904000,0,0,False
2027-01-20,0,-25904000,0,0,False
2027-01-21,0,-25904000,0,0,False
2027-01-22,0,-25904000,0,0,False
2027-01-23,0,-25904000,0,0,False
2027-01-24,0,-25904000,0,0,False
2027-01-25,0,-25904000,0,0,False
2027-01-26,0,-25904000,0,0,False
2027-01-27,0,-25904000,0,0,False
2027-01-28,0,-25904000,0,0,False
2027-01-29,0,-25904000,0,0,False
2027-01-30,0,-25904000,0,0,False
2027-01-31,0,-25904000,0,0,False
2027-02-01,0,-25904000,0,0,False
2027-02-02,0,-25904000,0,0,False
2027-02-03,0,-25904000,0,0,False
2027-02-04,0,-25904000,0,0,False
2027-02-05,0,-25904000,0,0,False
2027-02-06,0,-25904000,0,0,False
2027-02-07,0,-25904000,0,0,False
2027-02-08,0,-25904000,0,0,False
2027-02-09,0,-25904000,0,0,False
2027-02-10,0,-25904000,0,0,False
2027-02-11,0,-25904000,0,0,False
2027-02-12,0,-25904000,0,0,False
2027-02-13,0,-25904000,0,0,False
2027-02-14,0,-25904000,0,0,False
2027-02-15,0,-25904000,0,0,False
2027-02-16,0,-25904000,0,0,False
2027-02-17,0,-25904000,0,0,False
2027-02-18,0,-25904000,0,0,False
2027-02-19,0,-25904000,0,0,False
2027-02-20,0,-25904000,0,0,False
2027-02-21,-24000,-25928000,0,0,False
2027-02-22,0,-25928000,0,0,False
2027-02-23,0,-25928000,0,0,False
2027-02-24,0,-25928000,0,0,False
2027-02-25,0,-25928000,0,0,False
2027-02-26,0,-25928000,0,0,False
2027-02-27,0,-25928000,0,0,False
2027-02-28,0,-25928000,0,0,False
2027-03-01,0,-25928000,0,0,False
2027-03-02,0,-25928000,0,0,False
2027-03-03,-24000,-25952000,0,0,False
2027-03-04,0,-25952000,0,0,False
2027-03-05,0,-25952000,0,0,False
2027-03-06,0,-25952000,0,0,False
2027-03-07,0,-25952000,0,0,False
2027-03-08,0,-25952000,0,0,False
2027-03-09,-24000,-25976000,0,0,False
2027-03-10,0,-25976000,0,0,False
2027-03-11,0,-25976000,0,0,False
2027-03-12,0,-25976000,0,0,False
2027-03-13,0,-25976000,0,0,False
2027-03-14,0,-25976000,0,0,False
2027-03-15,0,-25976000,0,0,False
2027-03-16,0,-25976000,0,0,False
2027-03-17,0,-25976000,0,0,False
2027-03-18,0,-25976000,0,0,False
2027-03-19,0,-25976000,0,0,False
2027-03-20,0,-25976000,0,0,False
2027-03-21,0,-25976000,0,0,False
2027-03-22,0,-25976000,0,0,False
2027-03-23,0,-25976000,0,0,False
2027-03-24,0,-25976000,0,0,False
2027-03-25,-24000,-26000000,0,0,False
2027-03-26,-24000,-26024000,0,0,False
2027-03-27,0,-26024000,0,0,False
2027-03-28,0,-26024000,0,0,False
2027-03-29,0,-26024000,0,0,False
2027-03-30,0,-26024000,0,0,False
2027-03-31,0,-26024000,0,0,False
2027-04-01,0,-26024000,0,0,False
2027-04-02,0,-26024000,0,0,False
2027-04-03,0,-26024000,0,0,False
2027-04-04,0,-26024000,0,0,False
2027-04-05,0,-26024000,0,0,False
2027-04-06,0,-26024000,0,0,False
2027-04-07,-24000,-26048000,0,0,False
2027-04-08,0,-26048000,0,0,False
2027-04-09,0,-26048000,0,0,False
2027-04-10,0,-26048000,0,0,False
2027-04-11,-24000,-26072000,0,0,False
2027-04-12,0,-26072000,0,0,False
2027-04-13,0,-26072000,0,0,False
2027-04-14,0,-26072000,0,0,False
2027-04-15,-24000,-26096000,0,0,False
2027-04-16,0,-26096000,0,0,False
2027-04-17,0,-26096000,0,0,False
2027-04-18,0,-26096000,0,0,False
2027-04-19,0,-26096000,0,0,False
2027-04-20,0,-26096000,0,0,False
2027-04-21,0,-26096000,0,0,False
2027-04-22,0,-26096000,0,0,False
2027-04-23,0,-26096000,0,0,False
2027-04-24,0,-26096000,0,0,False
2027-04-25,0,-26096000,0,0,False
2027-04-26,0,-26096000,0,0,False
2027-04-27,0,-26096000,0,0,False
2027-04-28,0,-26096000,0,0,False
2027-04-29,0,-26096000,0,0,False
2027-04-30,0,-26096000,0,0,False
2027-05-01,0,-26096000,0,0,False
2027-05-02,0,-26096000,0,0,False
2027-05-03,0,-26096000,0,0,False
2027-05-04,-24000,-26120000,0,0,False
2027-05-05,0,-26120000,0,0,False
2027-05-06,0,-26120000,0,0,False
2027-05-07,0,-26120000,0,0,False
2027-05-08,0,-26120000,0,0,False
2027-05-09,0,-26120000,0,0,False
2027-05-10,0,-26120000,0,0,False
2027-05-11,0,-26120000,0,0,False
2027-05-12,0,-26120000,0,0,False
2027-05-13,0,-26120000,0,0,False
2027-05-14,0,-26120000,0,0,False
2027-05-15,0,-26120000,0,0,False
2027-05-16,0,-26120000,0,0,False
2027-05-17,0,-26120000,0,0,False
2027-05-18,0,-26120000,0,0,False
2027-05-19,0,-26120000,0,0,False
2027-05-20,0,-26120000,0,0,False
2027-05-21,0,-26120000,0,0,False
2027-05-22,0,-26120000,0,0,False
2027-05-23,0,-26120000,0,0,False
2027-05-24,0,-26120000,0,0,False
2027-05-25,0,-26120000,0,0,False
2027-05-26,0,-26120000,0,0,False
2027-05-27,0,-26120000,0,0,False
2027-05-28,0,-26120000,0,0,False
2027-05-29,0,-26120000,0,0,False
2027-05-30,0,-26120000,0,0,False
2027-05-31,0,-26120000,0,0,False
2027-06-01,0,-26120000,0,0,False
2027-06-02,0,-26120000,0,0,False
2027-06-03,0,-26120000,0,0,False
2027-06-04,0,-26120000,0,0,False
2027-06-05,0,-26120000,0,0,False
2027-06-06,0,-26120000,0,0,False
2027-06-07,0,-26120000,0,0,False
2027-06-08,0,-26120000,0,0,False
2027-06-09,0,-26120000,0,0,False
2027-06-10,0,-26120000,0,0,False
2027-06-11,0,-26120000,0,0,False
2027-06-12,0,-26120000,0,0,False
2027-06-13,0,-26120000,0,0,False
2027-06-14,0,-26120000,0,0,False
2027-06-15,0,-26120000,0,0,False
2027-06-16,0,-26120000,0,0,False
2027-06-17,0,-26120000,0,0,False
2027-06-18,0,-26120000,0,0,False
2027-06-19,0,-26120000,0,0,False
2027-06-20,0,-26120000,0,0,False
2027-06-21,-24000,-26144000,0,0,False
2027-06-22,0,-26144000,0,0,False
2027-06-23,0,-26144000,0,0,False
2027-06-24,0,-26144000,0,0,False
2027-06-25,0,-26144000,0,0,False
2027-06-26,0,-26144000,0,0,False
2027-06-27,0,-26144000,0,0,False
2027-06-28,0,-26144000,0,0,False
2027-06-29,0,-26144000,0,0,False
2027-06-30,0,-26144000,0,0,False
2027-07-01,0,-26144000,0,0,False
2027-07-02,0,-26144000,0,0,False
2027-07-03,0,-26144000,0,0,False
2027-07-04,0,-26144000,0,0,False
2027-07-05,0,-26144000,0,0,False
2027-07-06,0,-26144000,0,0,False
2027-07-07,0,-26144000,0,0,False
2027-07-08,0,-26144000,0,0,False
2027-07-09,0,-26144000,0,0,False
2027-07-10,0,-26144000,0,0,False
2027-07-11,0,-26144000,0,0,False
2027-07-12,0,-26144000,0,0,False
2027-07-13,0,-26144000,0,0,False
2027-07-14,0,-26144000,0,0,False
2027-07-15,0,-26144000,0,0,False
2027-07-16,0,-26144000,0,0,False
2027-07-17,0,-26144000,0,0,False
2027-07-18,0,-26144000,0,0,False
2027-07-19,0,-26144000,0,0,False
2027-07-20,-24000,-26168000,0,0,False
2027-07-21,-48000,-26216000,0,0,False
2027-07-22,0,-26216000,0,0,False
2027-07-23,0,-26216000,0,0,False
2027-07-24,0,-26216000,0,0,False
2027-07-25,0,-26216000,0,0,False
2027-07-26,0,-26216000,0,0,False
2027-07-27,0,-26216000,0,0,False
2027-07-28,0,-26216000,0,0,False
2027-07-29,0,-26216000,0,0,False
2027-07-30,0,-26216000,0,0,False
2027-07-31,0,-26216000,0,0,False
2027-08-01,0,-26216000,0,0,False
2027-08-02,0,-26216000,0,0,False
2027-08-03,0,-26216000,0,0,False
2027-08-04,0,-26216000,0,0,False
2027-08-05,0,-26216000,0,0,False
2027-08-06,0,-26216000,0,0,False
2027-08-07,0,-26216000,0,0,False
2027-08-08,0,-26216000,0,0,False
2027-08-09,0,-26216000,0,0,False
2027-08-10,0,-26216000,0,0,False
2027-08-11,0,-26216000,0,0,False
2027-08-12,0,-26216000,0,0,False
2027-08-13,0,-26216000,0,0,False
2027-08-14,0,-26216000,0,0,False
2027-08-15,0,-26216000,0,0,False
2027-08-16,0,-26216000,0,0,False
2027-08-17,0,-26216000,0,0,False
2027-08-18,0,-26216000,0,0,False
2027-08-19,-24000,-26240000,0,0,False
2027-08-20,0,-26240000,0,0,False
2027-08-21,0,-26240000,0,0,False
2027-08-22,0,-26240000,0,0,False
2027-08-23,0,-26240000,0,0,False
2027-08-24,0,-26240000,0,0,False
2027-08-25,0,-26240000,0,0,False
2027-08-26,0,-26240000,0,0,False
2027-08-27,0,-26240000,0,0,False
2027-08-28,0,-26240000,0,0,False
2027-08-29,0,-26240000,0,0,False
2027-08-30,0,-26240000,0,0,False
2027-08-31,-24000,-26264000,0,0,False
2027-09-01,0,-26264000,0,0,False
2027-09-02,0,-26264000,0,0,False
2027-09-03,0,-26264000,0,0,False
2027-09-04,0,-26264000,0,0,False
2027-09-05,0,-26264000,0,0,False
2027-09-06,0,-26264000,0,0,False
2027-09-07,0,-26264000,0,0,False
2027-09-08,0,-26264000,0,0,False
2027-09-09,0,-26264000,0,0,False
2027-09-10,0,-26264000,0,0,False
2027-09-11,0,-26264000,0,0,False
2027-09-12,0,-26264000,0,0,False
2027-09-13,0,-26264000,0,0,False
2027-09-14,0,-26264000,0,0,False
2027-09-15,0,-26264000,0,0,False
2027-09-16,0,-26264000,0,0,False
2027-09-17,0,-26264000,0,0,False
2027-09-18,0,-26264000,0,0,False
2027-09-19,0,-26264000,0,0,False
2027-09-20,0,-26264000,0,0,False
2027-09-21,0,-26264000,0,0,False
2027-09-22,0,-26264000,0,0,False
2027-09-23,0,-26264000,0,0,False
2027-09-24,0,-26264000,0,0,False
2027-09-25,0,-26264000,0,0,False
2027-09-26,0,-26264000,0,0,False
2027-09-27,0,-26264000,0,0,False
2027-09-28,0,-26264000,0,0,False
2027-09-29,0,-26264000,0,0,False
2027-09-30,0,-26264000,0,0,False
2027-10-01,0,-26264000,0,0,False
2027-10-02,0,-26264000,0,0,False
2027-10-03,0,-26264000,0,0,False
2027-10-04,0,-26264000,0,0,False
2027-10-05,-24000,-26288000,0,0,False
2027-10-06,-24000,-26312000,0,0,False
2027-10-07,0,-26312000,0,0,False
2027-10-08,0,-26312000,0,0,False
2027-10-09,0,-26312000,0,0,False
2027-10-10,0,-26312000,0,0,False
2027-10-11,0,-26312000,0,0,False
2027-10-12,0,-26312000,0,0,False
2027-10-13,0,-26312000,0,0,False
2027-10-14,-24000,-26336000,0,0,False
2027-10-15,0,-26336000,0,0,False
2027-10-16,0,-26336000,0,0,False
2027-10-17,0,-26336000,0,0,False
2027-10-18,0,-26336000,0,0,False
2027-10-19,0,-26336000,0,0,False
2027-10-20,0,-26336000,0,0,False
2027-10-21,0,-26336000,0,0,False
2027-10-22,0,-26336000,0,0,False
2027-10-23,0,-26336000,0,0,False
2027-10-24,-24000,-26360000,0,0,False
2027-10-25,0,-26360000,0,0,False
2027-10-26,0,-26360000,0,0,False
2027-10-27,0,-26360000,0,0,False
2027-10-28,0,-26360000,0,0,False
2027-10-29,0,-26360000,0,0,False
2027-10-30,0,-26360000,0,0,False
2027-10-31,0,-26360000,0,0,False
2027-11-01,0,-26360000,0,0,False
2027-11-02,0,-26360000,0,0,False
2027-11-03,0,-26360000,0,0,False
2027-11-04,0,-26360000,0,0,False
2027-11-05,0,-26360000,0,0,False
2027-11-06,0,-26360000,0,0,False
2027-11-07,0,-26360000,0,0,False
2027-11-08,0,-26360000,0,0,False
2027-11-09,0,-26360000,0,0,False
2027-11-10,0,-26360000,0,0,False
2027-11-11,0,-26360000,0,0,False
2027-11-12,0,-26360000,0,0,False
2027-11-13,0,-26360000,0,0,False
2027-11-14,0,-26360000,0,0,False
2027-11-15,0,-26360000,0,0,False
2027-11-16,0,-26360000,0,0,False
2027-11-17,0,-26360000,0,0,False
2027-11-18,0,-26360000,0,0,False
2027-11-19,0,-26360000,0,0,False
2027-11-20,0,-26360000,0,0,False
2027-11-21,0,-26360000,0,0,False
2027-11-22,0,-26360000,0,0,False
2027-11-23,0,-26360000,0,0,False
2027-11-24,0,-26360000,0,0,False
2027-11-25,0,-26360000,0,0,False
2027-11-26,0,-26360000,0,0,False
2027-11-27,0,-26360000,0,0,False
2027-11-28,-24000,-26384000,0,0,False
2027-11-29,0,-26384000,0,0,False
2027-11-30,0,-26384000,0,0,False
2027-12-01,0,-26384000,0,0,False
2027-12-02,0,-26384000,0,0,False
2027-12-03,0,-26384000,0,0,False
2027-12-04,0,-26384000,0,0,False
2027-12-05,-24000,-26408000,0,0,False
2027-12-06,0,-26408000,0,0,False
2027-12-07,0,-26408000,0,0,False
2027-12-08,0,-26408000,0,0,False
2027-12-09,0,-26408000,0,0,False
2027-12-10,0,-26408000,0,0,False
2027-12-11,0,-26408000,0,0,False
2027-12-12,0,-26408000,0,0,False
2027-12-13,0,-26408000,0,0,False
2027-12-14,0,-26408000,0,0,False
2027-12-15,0,-26408000,0,0,False
2027-12-16,0,-26408000,0,0,False
2027-12-17,0,-26408000,0,0,False
2027-12-18,0,-26408000,0,0,False
2027-12-19,0,-26408000,0,0,False
2027-12-20,0,-26408000,0,0,False
2027-12-21,0,-26408000,0,0,False
2027-12-22,0,-26408000,0,0,False
2027-12-23,0,-26408000,0,0,False
2027-12-24,0,-26408000,0,0,False
2027-12-25,0,-26408000,0,0,False
2027-12-26,0,-26408000,0,0,False
2027-12-27,0,-26408000,0,0,False
2027-12-28,0,-26408000,0,0,False
2027-12-29,0,-26408000,0,0,False
2027-12-30,0,-26408000,0,0,False
2027-12-31,0,-26408000,0,0,False
2028-01-01,0,-26408000,0,0,False
2028-01-02,0,-26408000,0,0,False
2028-01-03,0,-26408000,0,0,False
2028-01-04,0,-26408000,0,0,False
2028-01-05,0,-26408000,0,0,False
2028-01-06,0,-26408000,0,0,False
2028-01-07,0,-26408000,0,0,False
2028-01-08,0,-26408000,0,0,False
2028-01-09,0,-26408000,0,0,False
2028-01-10,-24000,-26432000,0,0,False
2028-01-11,0,-26432000,0,0,False
2028-01-12,0,-26432000,0,0,False
2028-01-13,0,-26432000,0,0,False
2028-01-14,0,-26432000,0,0,False
2028-01-15,0,-26432000,0,0,False
2028-01-16,0,-26432000,0,0,False
2028-01-17,0,-26432000,0,0,False
2028-01-18,0,-26432000,0,0,False
2028-01-19,0,-26432000,0,0,False
2028-01-20,-24000,-26456000,0,0,False
2028-01-21,0,-26456000,0,0,False
2028-01-22,0,-26456000,0,0,False
2028-01-23,0,-26456000,0,0,False
2028-01-24,0,-26456000,0,0,False
2028-01-25,0,-26456000,0,0,False
2028-01-26,0,-26456000,0,0,False
2028-01-27,0,-26456000,0,0,False
2028-01-28,0,-26456000,0,0,False
2028-01-29,0,-26456000,0,0,False
2028-01-30,0,-26456000,0,0,False
2028-01-31,0,-26456000,0,0,False
2028-02-01,0,-26456000,0,0,False
2028-02-02,0,-26456000,0,0,False
2028-02-03,0,-26456000,0,0,False
2028-02-04,0,-26456000,0,0,False
2028-02-05,0,-26456000,0,0,False
2028-02-06,0,-26456000,0,0,False
2028-02-07,0,-26456000,0,0,False
2028-02-08,0,-26456000,0,0,False
2028-02-09,0,-26456000,0,0,False
2028-02-10,0,-26456000,0,0,False
2028-02-11,0,-26456000,0,0,False
2028-02-12,-24000,-26480000,0,0,False
2028-02-13,0,-26480000,0,0,False
2028-02-14,0,-26480000,0,0,False
2028-02-15,0,-26480000,0,0,False
2028-02-16,0,-26480000,0,0,False
2028-02-17,-24000,-26504000,0,0,False
2028-02-18,0,-26504000,0,0,False
2028-02-19,0,-26504000,0,0,False
2028-02-20,0,-26504000,0,0,False
2028-02-21,0,-26504000,0,0,False
2028-02-22,0,-26504000,0,0,False
2028-02-23,0,-26504000,0,0,False
2028-02-24,0,-26504000,0,0,False
2028-02-25,0,-26504000,0,0,False
2028-02-26,-24000,-26528000,0,0,False
2028-02-27,0,-26528000,0,0,False
2028-02-28,0,-26528000,0,0,False
2028-02-29,0,-26528000,0,0,False
2028-03-01,0,-26528000,0,0,False
2028-03-02,-24000,-26552000,0,0,False
2028-03-03,0,-26552000,0,0,False
2028-03-04,0,-26552000,0,0,False
2028-03-05,0,-26552000,0,0,False
2028-03-06,0,-26552000,0,0,False
2028-03-07,0,-26552000,0,0,False
2028-03-08,0,-26552000,0,0,False
2028-03-09,0,-26552000,0,0,False
2028-03-10,0,-26552000,0,0,False
2028-03-11,0,-26552000,0,0,False
2028-03-12,0,-26552000,0,0,False
2028-03-13,0,-26552000,0,0,False
2028-03-14,0,-26552000,0,0,False
2028-03-15,0,-26552000,0,0,False
2028-03-16,0,-26552000,0,0,False
2028-03-17,0,-26552000,0,0,False
2028-03-18,0,-26552000,0,0,False
2028-03-19,0,-26552000,0,0,False
2028-03-20,0,-26552000,0,0,False
2028-03-21,0,-26552000,0,0,False
2028-03-22,0,-26552000,0,0,False
2028-03-23,0,-26552000,0,0,False
2028-03-24,0,-26552000,0,0,False
2028-03-25,0,-26552000,0,0,False
2028-03-26,0,-26552000,0,0,False
2028-03-27,0,-26552000,0,0,False
2028-03-28,0,-26552000,0,0,False
2028-03-29,0,-26552000,0,0,False
2028-03-30,0,-26552000,0,0,False
2028-03-31,0,-26552000,0,0,False
2028-04-01,0,-26552000,0,0,False
2028-04-02,0,-26552000,0,0,False
2028-04-03,0,-26552000,0,0,False
2028-04-04,0,-26552000,0,0,False
2028-04-05,0,-26552000,0,0,False
2028-04-06,0,-26552000,0,0,False
2028-04-07,0,-26552000,0,0,False
2028-04-08,0,-26552000,0,0,False
2028-04-09,0,-26552000,0,0,False
2028-04-10,0,-26552000,0,0,False
2028-04-11,0,-26552000,0,0,False
2028-04-12,0,-26552000,0,0,False
2028-04-13,0,-26552000,0,0,False
2028-04-14,0,-26552000,0,0,False
2028-04-15,0,-26552000,0,0,False
2028-04-16,0,-26552000,0,0,False
2028-04-17,0,-26552000,0,0,False
2028-04-18,-24000,-26576000,0,0,False
2028-04-19,0,-26576000,0,0,False
2028-04-20,0,-26576000,0,0,False
2028-04-21,0,-26576000,0,0,False
2028-04-22,0,-26576000,0,0,False
2028-04-23,0,-26576000,0,0,False
2028-04-24,0,-26576000,0,0,False
2028-04-25,0,-26576000,0,0,False
2028-04-26,0,-26576000,0,0,False
2028-04-27,0,-26576000,0,0,False
2028-04-28,0,-26576000,0,0,False
2028-04-29,0,-26576000,0,0,False
2028-04-30,0,-26576000,0,0,False
2028-05-01,0,-26576000,0,0,False
2028-05-02,0,-26576000,0,0,False
2028-05-03,0,-26576000,0,0,False
2028-05-04,0,-26576000,0,0,False
2028-05-05,0,-26576000,0,0,False
2028-05-06,0,-26576000,0,0,False
2028-05-07,0,-26576000,0,0,False
2028-05-08,0,-26576000,0,0,False
2028-05-09,0,-26576000,0,0,False
2028-05-10,0,-26576000,0,0,False
2028-05-11,0,-26576000,0,0,False
2028-05-12,0,-26576000,0,0,False
2028-05-13,0,-26576000,0,0,False
2028-05-14,0,-26576000,0,0,False
2028-05-15,0,-26576000,0,0,False
2028-05-16,0,-26576000,0,0,False
2028-05-17,0,-26576000,0,0,False
2028-05-18,0,-26576000,0,0,False
2028-05-19,0,-26576000,0,0,False
2028-05-20,0,-26576000,0,0,False
2028-05-21,0,-26576000,0,0,False
2028-05-22,-24000,-26600000,0,0,False
2028-05-23,0,-26600000,0,0,False
2028-05-24,0,-26600000,0,0,False
2028-05-25,0,-26600000,0,0,False
2028-05-26,0,-26600000,0,0,False
2028-05-27,0,-26600000,0,0,False
2028-05-28,0,-26600000,0,0,False
2028-05-29,0,-26600000,0,0,False
2028-05-30,-24000,-26624000,0,0,False
2028-05-31,0,-26624000,0,0,False
2028-06-01,0,-26624000,0,0,False
2028-06-02,0,-26624000,0,0,False
2028-06-03,0,-26624000,0,0,False
2028-06-04,0,-26624000,0,0,False
2028-06-05,0,-26624000,0,0,False
2028-06-06,0,-26624000,0,0,False
2028-06-07,0,-26624000,0,0,False
2028-06-08,0,-26624000,0,0,False
2028-06-09,0,-26624000,0,0,False
2028-06-10,0,-26624000,0,0,False
2028-06-11,0,-26624000,0,0,False
2028-06-12,0,-26624000,0,0,False
2028-06-13,0,-26624000,0,0,False
2028-06-14,0,-26624000,0,0,False
2028-06-15,0,-26624000,0,0,False
2028-06-16,-24000,-26648000,0,0,False
2028-06-17,0,-26648000,0,0,False
2028-06-18,0,-26648000,0,0,False
2028-06-19,0,-26648000,0,0,False
2028-06-20,0,-26648000,0,0,False
2028-06-21,0,-26648000,0,0,False
2028-06-22,0,-26648000,0,0,False
2028-06-23,0,-26648000,0,0,False
2028-06-24,0,-26648000,0,0,False
2028-06-25,0,-26648000,0,0,False
2028-06-26,0,-26648000,0,0,False
2028-06-27,0,-26648000,0,0,False
2028-06-28,0,-26648000,0,0,False
2028-06-29,0,-26648000,0,0,False
2028-06-30,0,-26648000,0,0,False
2028-07-01,0,-26648000,0,0,False
2028-07-02,0,-26648000,0,0,False
2028-07-03,0,-26648000,0,0,False
2028-07-04,0,-26648000,0,0,False
2028-07-05,0,-26648000,0,0,False
2028-07-06,0,-26648000,0,0,False
2028-07-07,0,-26648000,0,0,False
2028-07-08,0,-26648000,0,0,False
2028-07-09,0,-26648000,0,0,False
2028-07-10,-24000,-26672000,0,0,False
2028-07-11,0,-26672000,0,0,False
2028-07-12,0,-26672000,0,0,False
2028-07-13,0,-26672000,0,0,False
2028-07-14,0,-26672000,0,0,False
2028-07-15,0,-26672000,0,0,False
2028-07-16,0,-26672000,0,0,False
2028-07-17,0,-26672000,0,0,False
2028-07-18,0,-26672000,0,0,False
2028-07-19,0,-26672000,0,0,False
2028-07-20,0,-26672000,0,0,False
2028-07-21,0,-26672000,0,0,False
2028-07-22,0,-26672000,0,0,False
2028-07-23,0,-26672000,0,0,False
2028-07-24,0,-26672000,0,0,False
2028-07-25,0,-26672000,0,0,False
2028-07-26,0,-26672000,0,0,False
2028-07-27,0,-26672000,0,0,False
2028-07-28,0,-26672000,0,0,False
2028-07-29,0,-26672000,0,0,False
2028-07-30,0,-26672000,0,0,False
2028-07-31,-24000,-26696000,0,0,False
2028-08-01,0,-26696000,0,0,False
2028-08-02,0,-26696000,0,0,False
2028-08-03,0,-26696000,0,0,False
2028-08-04,0,-26696000,0,0,False
2028-08-05,0,-26696000,0,0,False
2028-08-06,0,-26696000,0,0,False
2028-08-07,0,-26696000,0,0,False
2028-08-08,0,-26696000,0,0,False
2028-08-09,0,-26696000,0,0,False
2028-08-10,0,-26696000,0,0,False
2028-08-11,0,-26696000,0,0,False
2028-08-12,0,-26696000,0,0,False
2028-08-13,0,-26696000,0,0,False
2028-08-14,0,-26696000,0,0,False
2028-08-15,-24000,-26720000,0,0,False
2028-08-16,0,-26720000,0,0,False
2028-08-17,0,-26720000,0,0,False
2028-08-18,0,-26720000,0,0,False
2028-08-19,0,-26720000,0,0,False
2028-08-20,0,-26720000,0,0,False
2028-08-21,0,-26720000,0,0,False
2028-08-22,0,-26720000,0,0,False
2028-08-23,0,-26720000,0,0,False
2028-08-24,0,-26720000,0,0,False
2028-08-25,0,-26720000,0,0,False
2028-08-26,0,-26720000,0,0,False
2028-08-27,0,-26720000,0,0,False
2028-08-28,-24000,-26744000,0,0,False
2028-08-29,0,-26744000,0,0,False
2028-08-30,0,-26744000,0,0,False
2028-08-31,0,-26744000,0,0,False
2028-09-01,0,-26744000,0,0,False
2028-09-02,0,-26744000,0,0,False
2028-09-03,0,-26744000,0,0,False
2028-09-04,0,-26744000,0,0,False
2028-09-05,0,-26744000,0,0,False
2028-09-06,0,-26744000,0,0,False
2028-09-07,0,-26744000,0,0,False
2028-09-08,0,-26744000,0,0,False
2028-09-09,0,-26744000,0,0,False
2028-09-10,0,-26744000,0,0,False
2028-09-11,0,-26744000,0,0,False
2028-09-12,0,-26744000,0,0,False
2028-09-13,0,-26744000,0,0,False
2028-09-14,0,-26744000,0,0,False
2028-09-15,-24000,-26768000,0,0,False
2028-09-16,0,-26768000,0,0,False
2028-09-17,0,-26768000,0,0,False
2028-09-18,0,-26768000,0,0,False
2028-09-19,0,-26768000,0,0,False
2028-09-20,0,-26768000,0,0,False
2028-09-21,0,-26768000,0,0,False
2028-09-22,0,-26768000,0,0,False
2028-09-23,0,-26768000,0,0,False
2028-09-24,0,-26768000,0,0,False
2028-09-25,0,-26768000,0,0,False
2028-09-26,0,-26768000,0,0,False
2028-09-27,0,-26768000,0,0,False
2028-09-28,0,-26768000,0,0,False
2028-09-29,0,-26768000,0,0,False
2028-09-30,0,-26768000,0,0,False
2028-10-01,0,-26768000,0,0,False
2028-10-02,0,-26768000,0,0,False
2028-10-03,0,-26768000,0,0,False
2028-10-04,0,-26768000,0,0,False
2028-10-05,0,-26768000,0,0,False
2028-10-06,0,-26768000,0,0,False
2028-10-07,0,-26768000,0,0,False
2028-10-08,-24000,-26792000,0,0,False
2028-10-09,0,-26792000,0,0,False
2028-10-10,0,-26792000,0,0,False
2028-10-11,0,-26792000,0,0,False
2028-10-12,0,-26792000,0,0,False
2028-10-13,0,-26792000,0,0,False
2028-10-14,0,-26792000,0,0,False
2028-10-15,0,-26792000,0,0,False
2028-10-16,0,-26792000,0,0,False
2028-10-17,0,-26792000,0,0,False
2028-10-18,0,-26792000,0,0,False
2028-10-19,0,-26792000,0,0,False
2028-10-20,0,-26792000,0,0,False
2028-10-21,0,-26792000,0,0,False
2028-10-22,0,-26792000,0,0,False
2028-10-23,0,-26792000,0,0,False
2028-10-24,0,-26792000,0,0,False
2028-10-25,0,-26792000,0,0,False
2028-10-26,0,-26792000,0,0,False
2028-10-27,0,-26792000,0,0,False
2028-10-28,0,-26792000,0,0,False
2028-10-29,0,-26792000,0,0,False
2028-10-30,-24000,-26816000,0,0,False
2028-10-31,0,-26816000,0,0,False
2028-11-01,0,-26816000,0,0,False
2028-11-02,0,-26816000,0,0,False
2028-11-03,0,-26816000,0,0,False
2028-11-04,0,-26816000,0,0,False
2028-11-05,0,-26816000,0,0,False
2028-11-06,0,-26816000,0,0,False
2028-11-07,0,-26816000,0,0,False
2028-11-08,0,-26816000,0,0,False
2028-11-09,0,-26816000,0,0,False
2028-11-10,0,-26816000,0,0,False
2028-11-11,0,-26816000,0,0,False
2028-11-12,0,-26816000,0,0,False
2028-11-13,0,-26816000,0,0,False
2028-11-14,-24000,-26840000,0,0,False
2028-11-15,-24000,-26864000,0,0,False
2028-11-16,0,-26864000,0,0,False
2028-11-17,0,-26864000,0,0,False
2028-11-18,0,-26864000,0,0,False
2028-11-19,-24000,-26888000,0,0,False
2028-11-20,0,-26888000,0,0,False
2028-11-21,0,-26888000,0,0,False
2028-11-22,0,-26888000,0,0,False
2028-11-23,0,-26888000,0,0,False
2028-11-24,0,-26888000,0,0,False
2028-11-25,0,-26888000,0,0,False
2028-11-26,0,-26888000,0,0,False
2028-11-27,0,-26888000,0,0,False
2028-11-28,0,-26888000,0,0,False
2028-11-29,0,-26888000,0,0,False
2028-11-30,0,-26888000,0,0,False
2028-12-01,0,-26888000,0,0,False
2028-12-02,0,-26888000,0,0,False
2028-12-03,0,-26888000,0,0,False
2028-12-04,0,-26888000,0,0,False
2028-12-05,0,-26888000,0,0,False
2028-12-06,0,-26888000,0,0,False
2028-12-07,0,-26888000,0,0,False
2028-12-08,0,-26888000,0,0,False
2028-12-09,0,-26888000,0,0,False
2028-12-10,0,-26888000,0,0,False
2028-12-11,0,-26888000,0,0,False
2028-12-12,0,-26888000,0,0,False
2028-12-13,0,-26888000,0,0,False
2028-12-14,0,-26888000,0,0,False
2028-12-15,0,-26888000,0,0,False
2028-12-16,0,-26888000,0,0,False
2028-12-17,0,-26888000,0,0,False
2028-12-18,0,-26888000,0,0,False
2028-12-19,0,-26888000,0,0,False
2028-12-20,0,-26888000,0,0,False
2028-12-21,0,-26888000,0,0,False
2028-12-22,0,-26888000,0,0,False
2028-12-23,0,-26888000,0,0,False
2028-12-24,0,-26888000,0,0,False
2028-12-25,0,-26888000,0,0,False
2028-12-26,0,-26888000,0,0,False
2028-12-27,0,-26888000,0,0,False
2028-12-28,0,-26888000,0,0,False
2028-12-29,0,-26888000,0,0,False
2028-12-30,0,-26888000,0,0,False
2028-12-31,0,-26888000,0,0,False
2029-01-01,0,-26888000,0,0,False
2029-01-02,0,-26888000,0,0,False
2029-01-03,0,-26888000,0,0,False
2029-01-04,0,-26888000,0,0,False
2029-01-05,0,-26888000,0,0,False
2029-01-06,0,-26888000,0,0,False
2029-01-07,0,-26888000,0,0,False
2029-01-08,0,-26888000,0,0,False
2029-01-09,0,-26888000,0,0,False
2029-01-10,0,-26888000,0,0,False
2029-01-11,-24000,-26912000,0,0,False
2029-01-12,0,-26912000,0,0,False
2029-01-13,0,-26912000,0,0,False
2029-01-14,0,-26912000,0,0,False
2029-01-15,-24000,-26936000,0,0,False
2029-01-16,0,-26936000,0,0,False
2029-01-17,0,-26936000,0,0,False
2029-01-18,0,-26936000,0,0,False
2029-01-19,0,-26936000,0,0,False
2029-01-20,0,-26936000,0,0,False
2029-01-21,0,-26936000,0,0,False
2029-01-22,0,-26936000,0,0,False
2029-01-23,0,-26936000,0,0,False
2029-01-24,0,-26936000,0,0,False
2029-01-25,0,-26936000,0,0,False
2029-01-26,0,-26936000,0,0,False
2029-01-27,-24000,-26960000,0,0,False
2029-01-28,0,-26960000,0,0,False
2029-01-29,0,-26960000,0,0,False
2029-01-30,0,-26960000,0,0,False
2029-01-31,0,-26960000,0,0,False
2029-02-01,0,-26960000,0,0,False
2029-02-02,0,-26960000,0,0,False
2029-02-03,0,-26960000,0,0,False
2029-02-04,0,-26960000,0,0,False
2029-02-05,0,-26960000,0,0,False
2029-02-06,0,-26960000,0,0,False
2029-02-07,0,-26960000,0,0,False
2029-02-08,0,-26960000,0,0,False
2029-02-09,0,-26960000,0,0,False
2029-02-10,0,-26960000,0,0,False
2029-02-11,0,-26960000,0,0,False
2029-02-12,0,-26960000,0,0,False
2029-02-13,0,-26960000,0,0,False
2029-02-14,0,-26960000,0,0,False
2029-02-15,0,-26960000,0,0,False
2029-02-16,0,-26960000,0,0,False
2029-02-17,0,-26960000,0,0,False
2029-02-18,0,-26960000,0,0,False
2029-02-19,0,-26960000,0,0,False
2029-02-20,0,-26960000,0,0,False
2029-02-21,0,-26960000,0,0,False
2029-02-22,0,-26960000,0,0,False
2029-02-23,-24000,-26984000,0,0,False
2029-02-24,0,-26984000,0,0,False
2029-02-25,0,-26984000,0,0,False
2029-02-26,0,-26984000,0,0,False
2029-02-27,0,-26984000,0,0,False
2029-02-28,0,-26984000,0,0,False
2029-03-01,0,-26984000,0,0,False
2029-03-02,0,-26984000,0,0,False
2029-03-03,0,-26984000,0,0,False
2029-03-04,0,-26984000,0,0,False
2029-03-05,0,-26984000,0,0,False
2029-03-06,0,-26984000,0,0,False
2029-03-07,0,-26984000,0,0,False
2029-03-08,0,-26984000,0,0,False
2029-03-09,0,-26984000,0,0,False
2029-03-10,0,-26984000,0,0,False
2029-03-11,-24000,-27008000,0,0,False
2029-03-12,0,-27008000,0,0,False
2029-03-13,0,-27008000,0,0,False
2029-03-14,0,-27008000,0,0,False
2029-03-15,0,-27008000,0,0,False
2029-03-16,0,-27008000,0,0,False
2029-03-17,0,-27008000,0,0,False
2029-03-18,0,-27008000,0,0,False
2029-03-19,0,-27008000,0,0,False
2029-03-20,0,-27008000,0,0,False
2029-03-21,0,-27008000,0,0,False
2029-03-22,0,-27008000,0,0,False
2029-03-23,0,-27008000,0,0,False
2029-03-24,0,-27008000,0,0,False
2029-03-25,0,-27008000,0,0,False
2029-03-26,0,-27008000,0,0,False
2029-03-27,0,-27008000,0,0,False
2029-03-28,0,-27008000,0,0,False
2029-03-29,-24000,-27032000,0,0,False
2029-03-30,0,-27032000,0,0,False
2029-03-31,0,-27032000,0,0,False
2029-04-01,0,-27032000,0,0,False
2029-04-02,-24000,-27056000,0,0,False
2029-04-03,0,-27056000,0,0,False
2029-04-04,0,-27056000,0,0,False
2029-04-05,0,-27056000,0,0,False
2029-04-06,-24000,-27080000,0,0,False
2029-04-07,0,-27080000,0,0,False
2029-04-08,0,-27080000,0,0,False
2029-04-09,0,-27080000,0,0,False
2029-04-10,0,-27080000,0,0,False
2029-04-11,0,-27080000,0,0,False
2029-04-12,0,-27080000,0,0,False
2029-04-13,0,-27080000,0,0,False
2029-04-14,0,-27080000,0,0,False
2029-04-15,0,-27080000,0,0,False
2029-04-16,0,-27080000,0,0,False
2029-04-17,0,-27080000,0,0,False
2029-04-18,0,-27080000,0,0,False
2029-04-19,0,-27080000,0,0,False
2029-04-20,0,-27080000,0,0,False
2029-04-21,0,-27080000,0,0,False
2029-04-22,0,-27080000,0,0,False
2029-04-23,0,-27080000,0,0,False
2029-04-24,0,-27080000,0,0,False
2029-04-25,0,-27080000,0,0,False
2029-04-26,0,-27080000,0,0,False
2029-04-27,0,-27080000,0,0,False
2029-04-28,0,-27080000,0,0,False
2029-04-29,0,-27080000,0,0,False
2029-04-30,0,-27080000,0,0,False
2029-05-01,0,-27080000,0,0,False
2029-05-02,0,-27080000,0,0,False
2029-05-03,0,-27080000,0,0,False
2029-05-04,-24000,-27104000,0,0,False
2029-05-05,0,-27104000,0,0,False
2029-05-06,0,-27104000,0,0,False
2029-05-07,0,-27104000,0,0,False
2029-05-08,0,-27104000,0,0,False
2029-05-09,0,-27104000,0,0,False
2029-05-10,0,-27104000,0,0,False
2029-05-11,-24000,-27128000,0,0,False
2029-05-12,0,-27128000,0,0,False
2029-05-13,0,-27128000,0,0,False
2029-05-14,-24000,-27152000,0,0,False
2029-05-15,0,-27152000,0,0,False
2029-05-16,0,-27152000,0,0,False
2029-05-17,0,-27152000,0,0,False
2029-05-18,0,-27152000,0,0,False
2029-05-19,0,-27152000,0,0,False
2029-05-20,0,-27152000,0,0,False
2029-05-21,0,-27152000,0,0,False
2029-05-22,0,-27152000,0,0,False
2029-05-23,0,-27152000,0,0,False
2029-05-24,0,-27152000,0,0,False
2029-05-25,0,-27152000,0,0,False
2029-05-26,0,-27152000,0,0,False
2029-05-27,0,-27152000,0,0,False
2029-05-28,0,-27152000,0,0,False
2029-05-29,0,-27152000,0,0,False
2029-05-30,0,-27152000,0,0,False
2029-05-31,0,-27152000,0,0,False
2029-06-01,0,-27152000,0,0,False
2029-06-02,0,-27152000,0,0,False
2029-06-03,0,-27152000,0,0,False
2029-06-04,0,-27152000,0,0,False
2029-06-05,0,-27152000,0,0,False
2029-06-06,0,-27152000,0,0,False
2029-06-07,0,-27152000,0,0,False
2029-06-08,0,-27152000,0,0,False
2029-06-09,0,-27152000,0,0,False
2029-06-10,0,-27152000,0,0,False
2029-06-11,0,-27152000,0,0,False
2029-06-12,0,-27152000,0,0,False
2029-06-13,0,-27152000,0,0,False
2029-06-14,0,-27152000,0,0,False
2029-06-15,0,-27152000,0,0,False
2029-06-16,0,-27152000,0,0,False
2029-06-17,-24000,-27176000,0,0,False
2029-06-18,0,-27176000,0,0,False
2029-06-19,0,-27176000,0,0,False
2029-06-20,0,-27176000,0,0,False
2029-06-21,0,-27176000,0,0,False
2029-06-22,0,-27176000,0,0,False
2029-06-23,0,-27176000,0,0,False
2029-06-24,0,-27176000,0,0,False
2029-06-25,0,-27176000,0,0,False
2029-06-26,0,-27176000,0,0,False
2029-06-27,0,-27176000,0,0,False
2029-06-28,0,-27176000,0,0,False
2029-06-29,-24000,-27200000,0,0,False
2029-06-30,0,-27200000,0,0,False
2029-07-01,0,-27200000,0,0,False
2029-07-02,0,-27200000,0,0,False
2029-07-03,0,-27200000,0,0,False
2029-07-04,0,-27200000,0,0,False
2029-07-05,0,-27200000,0,0,False
2029-07-06,0,-27200000,0,0,False
2029-07-07,0,-27200000,0,0,False
2029-07-08,0,-27200000,0,0,False
2029-07-09,0,-27200000,0,0,False
2029-07-10,0,-27200000,0,0,False
2029-07-11,0,-27200000,0,0,False
2029-07-12,0,-27200000,0,0,False
2029-07-13,0,-27200000,0,0,False
2029-07-14,-24000,-27224000,0,0,False
2029-07-15,0,-27224000,0,0,False
2029-07-16,0,-27224000,0,0,False
2029-07-17,0,-27224000,0,0,False
2029-07-18,0,-27224000,0,0,False
2029-07-19,0,-27224000,0,0,False
2029-07-20,0,-27224000,0,0,False
2029-07-21,0,-27224000,0,0,False
2029-07-22,0,-27224000,0,0,False
2029-07-23,0,-27224000,0,0,False
2029-07-24,0,-27224000,0,0,False
2029-07-25,0,-27224000,0,0,False
2029-07-26,0,-27224000,0,0,False
2029-07-27,0,-27224000,0,0,False
2029-07-28,0,-27224000,0,0,False
2029-07-29,-24000,-27248000,0,0,False
2029-07-30,0,-27248000,0,0,False
2029-07-31,0,-27248000,0,0,False
2029-08-01,0,-27248000,0,0,False
2029-08-02,0,-27248000,0,0,False
2029-08-03,0,-27248000,0,0,False
2029-08-04,0,-27248000,0,0,False
2029-08-05,0,-27248000,0,0,False
2029-08-06,0,-27248000,0,0,False
2029-08-07,0,-27248000,0,0,False
2029-08-08,0,-27248000,0,0,False
2029-08-09,0,-27248000,0,0,False
2029-08-10,0,-27248000,0,0,False
2029-08-11,0,-27248000,0,0,False
2029-08-12,0,-27248000,0,0,False
2029-08-13,0,-27248000,0,0,False
2029-08-14,0,-27248000,0,0,False
2029-08-15,0,-27248000,0,0,False
2029-08-16,0,-27248000,0,0,False
2029-08-17,0,-27248000,0,0,False
2029-08-18,0,-27248000,0,0,False
2029-08-19,0,-27248000,0,0,False
2029-08-20,0,-27248000,0,0,False
2029-08-21,0,-27248000,0,0,False
2029-08-22,0,-27248000,0,0,False
2029-08-23,0,-27248000,0,0,False
2029-08-24,0,-27248000,0,0,False
2029-08-25,0,-27248000,0,0,False
2029-08-26,0,-27248000,0,0,False
2029-08-27,0,-27248000,0,0,False
2029-08-28,0,-27248000,0,0,False
2029-08-29,0,-27248000,0,0,False
2029-08-30,0,-27248000,0,0,False
2029-08-31,0,-27248000,0,0,False
2029-09-01,0,-27248000,0,0,False
2029-09-02,0,-27248000,0,0,False
2029-09-03,0,-27248000,0,0,False
2029-09-04,0,-27248000,0,0,False
2029-09-05,0,-27248000,0,0,False
2029-09-06,0,-27248000,0,0,False
2029-09-07,0,-27248000,0,0,False
2029-09-08,0,-27248000,0,0,False
2029-09-09,0,-27248000,0,0,False
2029-09-10,0,-27248000,0,0,False
2029-09-11,-24000,-27272000,0,0,False
2029-09-12,0,-27272000,0,0,False
2029-09-13,0,-27272000,0,0,False
2029-09-14,0,-27272000,0,0,False
2029-09-15,0,-27272000,0,0,False
2029-09-16,0,-27272000,0,0,False
2029-09-17,0,-27272000,0,0,False
2029-09-18,0,-27272000,0,0,False
2029-09-19,0,-27272000,0,0,False
2029-09-20,0,-27272000,0,0,False
2029-09-21,0,-27272000,0,0,False
2029-09-22,-24000,-27296000,0,0,False
2029-09-23,-24000,-27320000,0,0,False
2029-09-24,0,-27320000,0,0,False
2029-09-25,0,-27320000,0,0,False
2029-09-26,0,-27320000,0,0,False
2029-09-27,-24000,-27344000,0,0,False
2029-09-28,0,-27344000,0,0,False
2029-09-29,0,-27344000,0,0,False
2029-09-30,0,-27344000,0,0,False
2029-10-01,0,-27344000,0,0,False
2029-10-02,0,-27344000,0,0,False
2029-10-03,0,-27344000,0,0,False
2029-10-04,0,-27344000,0,0,False
2029-10-05,0,-27344000,0,0,False
2029-10-06,0,-27344000,0,0,False
2029-10-07,0,-27344000,0,0,False
2029-10-08,0,-27344000,0,0,False
2029-10-09,0,-27344000,0,0,False
2029-10-10,0,-27344000,0,0,False
2029-10-11,0,-27344000,0,0,False
2029-10-12,0,-27344000,0,0,False
2029-10-13,0,-27344000,0,0,False
2029-10-14,0,-27344000,0,0,False
2029-10-15,0,-27344000,0,0,False
2029-10-16,0,-27344000,0,0,False
2029-10-17,0,-27344000,0,0,False
2029-10-18,0,-27344000,0,0,False
2029-10-19,0,-27344000,0,0,False
2029-10-20,-24000,-27368000,0,0,False
2029-10-21,0,-27368000,0,0,False
2029-10-22,0,-27368000,0,0,False
2029-10-23,0,-27368000,0,0,False
2029-10-24,0,-27368000,0,0,False
2029-10-25,0,-27368000,0,0,False
2029-10-26,0,-27368000,0,0,False
2029-10-27,0,-27368000,0,0,False
2029-10-28,0,-27368000,0,0,False
2029-10-29,0,-27368000,0,0,False
2029-10-30,0,-27368000,0,0,False
2029-10-31,0,-27368000,0,0,False
2029-11-01,0,-27368000,0,0,False
2029-11-02,0,-27368000,0,0,False
2029-11-03,0,-27368000,0,0,False
2029-11-04,0,-27368000,0,0,False
2029-11-05,0,-27368000,0,0,False
2029-11-06,0,-27368000,0,0,False
2029-11-07,0,-27368000,0,0,False
2029-11-08,0,-27368000,0,0,False
2029-11-09,0,-27368000,0,0,False
2029-11-10,0,-27368000,0,0,False
2029-11-11,0,-27368000,0,0,False
2029-11-12,0,-27368000,0,0,False
2029-11-13,0,-27368000,0,0,False
2029-11-14,0,-27368000,0,0,False
2029-11-15,0,-27368000,0,0,False
2029-11-16,0,-27368000,0,0,False
2029-11-17,0,-27368000,0,0,False
2029-11-18,0,-27368000,0,0,False
2029-11-19,0,-27368000,0,0,False
2029-11-20,0,-27368000,0,0,False
2029-11-21,0,-27368000,0,0,False
2029-11-22,0,-27368000,0,0,False
2029-11-23,0,-27368000,0,0,False
2029-11-24,0,-27368000,0,0,False
2029-11-25,-24000,-27392000,0,0,False
2029-11-26,0,-27392000,0,0,False
2029-11-27,0,-27392000,0,0,False
2029-11-28,0,-27392000,0,0,False
2029-11-29,0,-27392000,0,0,False
2029-11-30,-24000,-27416000,0,0,False
2029-12-01,0,-27416000,0,0,False
2029-12-02,0,-27416000,0,0,False
2029-12-03,0,-27416000,0,0,False
2029-12-04,0,-27416000,0,0,False
2029-12-05,0,-27416000,0,0,False
2029-12-06,0,-27416000,0,0,False
2029-12-07,0,-27416000,0,0,False
2029-12-08,0,-27416000,0,0,False
2029-12-09,0,-27416000,0,0,False
2029-12-10,0,-27416000,0,0,False
2029-12-11,0,-27416000,0,0,False
2029-12-12,0,-27416000,0,0,False
2029-12-13,0,-27416000,0,0,False
2029-12-14,0,-27416000,0,0,False
2029-12-15,0,-27416000,0,0,False
2029-12-16,0,-27416000,0,0,False
2029-12-17,0,-27416000,0,0,False
2029-12-18,0,-27416000,0,0,False
2029-12-19,0,-27416000,0,0,False
2029-12-20,0,-27416000,0,0,False
2029-12-21,0,-27416000,0,0,False
2029-12-22,0,-27416000,0,0,False
2029-12-23,0,-27416000,0,0,False
2029-12-24,0,-27416000,0,0,False
2029-12-25,0,-27416000,0,0,False
2029-12-26,0,-27416000,0,0,False
2029-12-27,0,-27416000,0,0,False
2029-12-28,0,-27416000,0,0,False
2029-12-29,0,-27416000,0,0,False
2029-12-30,0,-27416000,0,0,False
